t,NO2
2021-01-01,
2021-01-02,
2021-01-04,
2021-01-05,
2021-01-06,
2021-01-07,3.4454686e-05
2021-01-08,
2021-01-09,
2021-01-10,
2021-01-11,
2021-01-12,
2021-01-13,
2021-01-14,
2021-01-15,
2021-01-16,
2021-01-17,
2021-01-18,
2021-01-19,
2021-01-20,
2021-01-21,
2021-01-22,
2021-01-23,
2021-01-24,
2021-01-25,
2021-01-26,1.946243e-05
2021-01-27,
2021-01-28,
2021-01-29,
2021-01-31,
2021-02-01,1.5822163e-05
2021-02-02,
2021-02-03,
2021-02-05,
2021-02-06,
2021-02-07,1.7079468e-05
2021-02-08,
2021-02-09,
2021-02-10,
2021-02-11,
2021-02-12,
2021-02-13,
2021-02-14,
2021-02-15,2.4159728e-05
2021-02-16,1.5575899e-05
2021-02-17,1.0674609e-05
2021-02-18,
2021-02-19,
2021-02-21,2.3527402e-07
2021-02-22,3.049697e-05
2021-02-23,
2021-02-24,
2021-02-25,
2021-02-26,3.2825883e-05
2021-02-27,1.9342462e-05
2021-02-28,
2021-03-01,
2021-03-02,
2021-03-03,
2021-03-04,
2021-03-05,4.6389104e-07
2021-03-06,
2021-03-07,
2021-03-08,
2021-03-09,
2021-03-10,
2021-03-11,
2021-03-12,1.004149e-05
2021-03-13,
2021-03-14,
2021-03-15,
2021-03-16,
2021-03-17,
2021-03-18,
2021-03-19,2.023003e-05
2021-03-20,2.4962992e-05
2021-03-21,2.2014925e-05
2021-03-22,2.088984e-05
2021-03-23,1.7601955e-05
2021-03-24,
2021-03-25,-1.1266002e-05
2021-03-26,
2021-03-27,
2021-03-28,1.2714959e-05
2021-03-29,
2021-03-30,1.2172064e-05
2021-03-31,
2021-04-01,
2021-04-02,3.15003e-05
2021-04-03,2.0204467e-05
2021-04-04,
2021-04-05,
2021-04-06,
2021-04-07,
2021-04-08,
2021-04-10,
2021-04-11,1.463263e-05
2021-04-12,1.1263822e-05
2021-04-14,-2.5271395e-06
2021-04-15,1.2908032e-05
2021-04-16,1.9898003e-05
2021-04-17,1.8594058e-06
2021-04-18,1.9735518e-05
2021-04-19,2.1842749e-05
2021-04-20,1.6876626e-05
2021-04-21,3.0796073e-05
2021-04-22,1.8868546e-05
2021-04-23,2.053096e-05
2021-04-24,1.5624237e-05
2021-04-26,-2.5549687e-07
2021-04-27,1.761682e-05
2021-04-28,2.1108019e-05
2021-04-29,
2021-04-30,2.2298162e-05
2021-05-01,-3.1863278e-06
2021-05-02,5.047918e-06
2021-05-03,1.8152634e-05
2021-05-04,
2021-05-05,
2021-05-06,
2021-05-07,
2021-05-08,2.1595117e-05
2021-05-09,2.8498764e-05
2021-05-10,1.6409127e-05
2021-05-11,
2021-05-12,2.0773707e-05
2021-05-13,
2021-05-14,2.659854e-05
2021-05-15,2.0561514e-05
2021-05-16,1.0955229e-05
2021-05-17,1.6759117e-05
2021-05-18,
2021-05-19,
2021-05-20,
2021-05-21,7.4275404e-06
2021-05-22,2.2795175e-05
2021-05-23,
2021-05-24,-6.2547633e-06
2021-05-25,3.233372e-08
2021-05-26,1.4029026e-05
2021-05-27,
2021-05-28,-1.3592216e-06
2021-05-29,2.5493579e-05
2021-05-30,
2021-05-31,3.0795938e-05
2021-06-01,1.2418166e-05
2021-06-02,1.1992097e-05
2021-06-03,6.2739473e-06
2021-06-04,1.2473082e-05
2021-06-05,2.8663302e-05
2021-06-06,4.0936797e-05
2021-06-07,1.6601947e-05
2021-06-08,-1.7146374e-06
2021-06-09,1.6252236e-05
2021-06-10,2.0476431e-05
2021-06-11,1.35660985e-05
2021-06-12,
2021-06-13,5.399137e-06
2021-06-14,
2021-06-15,
2021-06-16,
2021-06-17,1.51308295e-05
2021-06-18,
2021-06-19,
2021-06-20,
2021-06-21,
2021-06-22,1.292069e-05
2021-06-23,1.0459467e-05
2021-06-24,
2021-06-25,3.115467e-05
2021-06-26,3.152887e-05
2021-06-27,1.2693239e-05
2021-06-28,
2021-06-29,1.4238097e-05
2021-06-30,-9.006519e-06
2021-07-01,4.7897418e-05
2021-07-02,
2021-07-03,3.8529706e-06
2021-07-04,3.416551e-05
2021-07-05,2.4149418e-05
2021-07-06,2.6065687e-05
2021-07-07,2.416405e-05
2021-07-08,
2021-07-09,
2021-07-10,1.1994999e-05
2021-07-11,2.2533937e-05
2021-07-12,
2021-07-13,1.7049322e-05
2021-07-14,1.2937821e-05
2021-07-15,1.5000426e-05
2021-07-16,
2021-07-17,
2021-07-18,1.23398495e-05
2021-07-19,1.1586203e-05
2021-07-20,2.2634897e-07
2021-07-21,1.070055e-05
2021-07-22,
2021-07-23,3.0281415e-05
2021-07-24,2.7080681e-05
2021-07-25,8.013834e-06
2021-07-26,1.16099445e-05
2021-07-27,1.1814018e-05
2021-07-28,1.6904974e-05
2021-07-29,8.190797e-06
2021-07-30,3.699531e-05
2021-07-31,4.6753676e-06
2021-08-01,1.0708433e-05
2021-08-02,
2021-08-03,1.8714509e-05
2021-08-04,6.520723e-06
2021-08-05,1.228324e-05
2021-08-06,-3.9450975e-07
2021-08-07,
2021-08-08,1.3872264e-05
2021-08-09,1.5401285e-05
2021-08-10,1.607173e-05
2021-08-11,1.5026226e-05
2021-08-12,8.437958e-06
2021-08-13,-1.8378234e-06
2021-08-14,1.800102e-05
2021-08-15,-4.750074e-06
2021-08-16,6.1310375e-06
2021-08-17,1.3209911e-05
2021-08-18,1.861171e-05
2021-08-19,
2021-08-20,2.5457395e-05
2021-08-21,1.0545619e-05
2021-08-22,9.09683e-06
2021-08-23,1.4741442e-05
2021-08-24,2.0188978e-05
2021-08-25,2.3781931e-05
2021-08-26,1.1184679e-05
2021-08-27,
2021-08-28,1.0647037e-05
2021-08-29,2.3018567e-05
2021-08-30,
2021-08-31,2.6942233e-05
2021-09-01,1.6245232e-05
2021-09-02,2.9677984e-05
2021-09-03,1.5247846e-05
2021-09-04,1.6823513e-05
2021-09-05,
2021-09-06,1.6860213e-05
2021-09-07,1.3869906e-05
2021-09-08,1.288624e-05
2021-09-09,6.318626e-06
2021-09-10,2.7542847e-05
2021-09-11,
2021-09-12,
2021-09-13,
2021-09-14,
2021-09-15,
2021-09-16,
2021-09-17,2.1176627e-05
2021-09-18,7.184733e-06
2021-09-19,2.4991568e-05
2021-09-20,1.8304234e-05
2021-09-21,
2021-09-22,
2021-09-23,
2021-09-24,1.0475839e-05
2021-09-25,3.4621633e-05
2021-09-26,
2021-09-27,7.883875e-06
2021-09-28,1.6795217e-05
2021-09-29,2.3974326e-05
2021-09-30,2.6487483e-05
2021-10-01,1.5910004e-05
2021-10-02,
2021-10-03,
2021-10-04,
2021-10-05,2.828833e-05
2021-10-06,2.9451805e-05
2021-10-07,2.7617514e-05
2021-10-08,1.2961221e-05
2021-10-09,6.002594e-06
2021-10-10,1.8192579e-05
2021-10-11,9.244469e-06
2021-10-12,2.2565331e-05
2021-10-13,2.0686059e-05
2021-10-14,1.7108425e-05
2021-10-15,2.7765086e-06
2021-10-16,1.8431507e-05
2021-10-17,
2021-10-18,
2021-10-19,
2021-10-20,9.281299e-06
2021-10-21,1.946443e-05
2021-10-22,
2021-10-23,2.0218198e-05
2021-10-24,2.4079063e-05
2021-10-25,1.868931e-05
2021-10-26,
2021-10-27,
2021-10-28,7.368568e-06
2021-10-29,
2021-10-30,
2021-10-31,
2021-11-01,
2021-11-02,
2021-11-03,
2021-11-04,
2021-11-05,
2021-11-06,
2021-11-07,1.8023135e-05
2021-11-08,
2021-11-09,
2021-11-10,2.448035e-05
2021-11-11,
2021-11-12,
2021-11-13,
2021-11-14,
2021-11-15,
2021-11-16,
2021-11-17,
2021-11-18,2.4549163e-06
2021-11-19,
2021-11-20,
2021-11-21,
2021-11-22,
2021-11-23,
2021-11-24,
2021-11-25,
2021-11-26,
2021-11-27,
2021-11-28,
2021-11-29,
2021-11-30,2.4504181e-05
2021-12-01,
2021-12-02,1.9787229e-05
2021-12-03,1.7203269e-05
2021-12-04,
2021-12-05,
2021-12-06,
2021-12-07,
2021-12-08,2.5231688e-05
2021-12-09,2.6763482e-05
2021-12-10,2.5512452e-05
2021-12-11,2.3910621e-05
2021-12-12,1.8129165e-05
2021-12-13,2.1328757e-05
2021-12-14,
2021-12-15,
2021-12-16,
2021-12-17,
2021-12-18,
2021-12-19,
2021-12-20,
2021-12-21,
2021-12-22,
2021-12-23,
2021-12-24,
2021-12-25,
2021-12-26,1.1655783e-05
2021-12-27,
2021-12-28,2.6306723e-05
2021-12-29,2.9635095e-05
2021-12-30,
2021-12-31,
2022-01-01,
2022-01-02,
2022-01-03,
2022-01-04,3.2368167e-05
2022-01-05,
2022-01-07,2.4918085e-05
2022-01-08,2.721222e-05
2022-01-09,
2022-01-10,3.847445e-05
2022-01-11,
2022-01-12,
2022-01-13,
2022-01-14,
2022-01-15,
2022-01-17,
2022-01-18,
2022-01-19,
2022-01-20,
2022-01-21,
2022-01-23,
2022-01-24,1.3203285e-05
2022-01-25,2.5802408e-05
2022-01-26,2.6625698e-05
2022-01-27,
2022-01-28,2.8309472e-05
2022-01-29,
2022-01-30,
2022-01-31,
2022-02-01,
2022-02-02,
2022-02-03,7.4189716e-06
2022-02-04,
2022-02-05,
2022-02-06,
2022-02-08,1.5531998e-05
2022-02-09,
2022-02-10,
2022-02-11,
2022-02-12,
2022-02-13,
2022-02-14,
2022-02-15,
2022-02-16,1.7897468e-05
2022-02-17,
2022-02-18,
2022-02-19,
2022-02-20,
2022-02-21,
2022-02-22,2.8874138e-05
2022-02-23,
2022-02-24,3.707774e-06
2022-02-25,1.9272322e-05
2022-02-26,
2022-02-27,
2022-02-28,
2022-03-01,
2022-03-02,
2022-03-03,
2022-03-04,
2022-03-05,1.251535e-05
2022-03-06,3.1807154e-05
2022-03-07,3.2446136e-05
2022-03-08,
2022-03-09,9.814737e-06
2022-03-10,
2022-03-11,
2022-03-12,
2022-03-13,
2022-03-14,1.2829572e-05
2022-03-15,-6.165235e-06
2022-03-16,
2022-03-17,
2022-03-18,
2022-03-19,
2022-03-20,
2022-03-21,
2022-03-22,
2022-03-23,
2022-03-24,
2022-03-25,
2022-03-26,
2022-03-28,2.374047e-05
2022-03-29,3.4316272e-05
2022-03-30,2.4199962e-05
2022-03-31,1.9883732e-05
2022-04-01,
2022-04-02,
2022-04-03,1.604323e-05
2022-04-04,1.4963679e-05
2022-04-05,8.66061e-06
2022-04-06,
2022-04-07,1.7584482e-05
2022-04-08,
2022-04-09,
2022-04-10,
2022-04-11,-1.7626161e-06
2022-04-12,
2022-04-13,1.4044723e-05
2022-04-14,2.4645795e-05
2022-04-15,1.9822493e-05
2022-04-16,
2022-04-17,
2022-04-18,
2022-04-19,
2022-04-20,
2022-04-21,
2022-04-22,
2022-04-23,6.567336e-06
2022-04-24,5.917242e-06
2022-04-25,1.2978113e-05
2022-04-26,
2022-04-27,
2022-04-29,
2022-04-30,
2022-05-01,
2022-05-02,1.3642209e-05
2022-05-03,4.46212e-06
2022-05-04,
2022-05-05,
2022-05-06,7.583911e-06
2022-05-07,1.3686222e-05
2022-05-08,
2022-05-09,
2022-05-10,
2022-05-11,
2022-05-12,2.7099e-05
2022-05-13,1.3396776e-05
2022-05-14,
2022-05-15,-4.544966e-06
2022-05-16,3.1658776e-05
2022-05-17,1.6287335e-05
2022-05-18,4.472514e-05
2022-05-19,
2022-05-20,1.8291827e-05
2022-05-21,
2022-05-22,8.755222e-06
2022-05-23,1.22411175e-05
2022-05-24,
2022-05-25,
2022-05-26,
2022-05-27,
2022-05-28,2.0441423e-05
2022-05-29,
2022-05-30,
2022-05-31,1.3166318e-05
2022-06-01,
2022-06-02,2.9759132e-05
2022-06-03,
2022-06-04,
2022-06-05,8.142637e-06
2022-06-06,
2022-06-07,1.5152535e-05
2022-06-08,1.1207637e-05
2022-06-09,
2022-06-10,
2022-06-11,9.72374e-06
2022-06-12,1.2197289e-05
2022-06-13,
2022-06-14,
2022-06-15,-3.6931256e-06
2022-06-16,
2022-06-17,-3.3631695e-06
2022-06-18,
2022-06-19,1.7402042e-05
2022-06-20,1.8578097e-05
2022-06-21,2.3621973e-05
2022-06-22,3.4114917e-05
2022-06-23,2.3515871e-05
2022-06-24,1.2784787e-05
2022-06-25,8.602799e-06
2022-06-26,1.368647e-05
2022-06-27,1.0315124e-05
2022-06-28,2.0428573e-05
2022-06-29,1.9557956e-05
2022-06-30,1.789926e-05
2022-07-01,
2022-07-02,1.3999919e-05
2022-07-03,
2022-07-04,
2022-07-05,9.4002155e-07
2022-07-06,-1.5457891e-06
2022-07-07,2.501709e-05
2022-07-08,2.1194399e-05
2022-07-09,1.0191406e-05
2022-07-10,3.7462545e-05
2022-07-11,1.8406223e-05
2022-07-12,2.308686e-06
2022-07-13,
2022-07-14,
2022-07-15,-1.0034715e-05
2022-07-16,
2022-07-17,
2022-07-18,2.9733541e-05
2022-07-19,-1.0469277e-05
2022-07-20,2.632011e-05
2022-07-21,1.7558166e-05
2022-07-22,
2022-07-23,2.0135256e-05
2022-07-24,1.1510474e-05
2022-07-25,5.580527e-06
2022-07-26,2.5196996e-05
2022-07-27,1.459596e-05
2022-07-28,5.1087027e-06
2022-07-29,1.1050766e-05
2022-07-30,2.2781874e-06
2022-07-31,2.672742e-05
2022-08-01,
2022-08-02,
2022-08-03,1.9554056e-05
2022-08-04,1.7037193e-05
2022-08-05,2.011458e-05
2022-08-06,3.2769774e-05
2022-08-07,2.4569092e-05
2022-08-08,3.0324149e-05
2022-08-09,-7.504529e-06
2022-08-10,2.5705287e-05
2022-08-11,2.61879e-05
2022-08-12,
2022-08-13,
2022-08-14,1.6965629e-05
2022-08-15,
2022-08-16,-3.395593e-06
2022-08-17,1.5753047e-05
2022-08-18,
2022-08-19,2.5953472e-05
2022-08-20,1.6661665e-05
2022-08-21,2.8851851e-05
2022-08-22,1.7440607e-05
2022-08-23,-3.4589118e-06
2022-08-24,1.2091357e-05
2022-08-25,1.958543e-05
2022-08-26,1.2271153e-05
2022-08-27,1.1910542e-05
2022-08-28,1.5457255e-05
2022-08-29,3.1997377e-05
2022-08-30,2.0897147e-05
2022-08-31,
2022-09-01,3.6505076e-05
2022-09-02,1.3628674e-05
2022-09-03,
2022-09-04,
2022-09-05,
2022-09-06,6.9011396e-05
2022-09-07,1.7458233e-05
2022-09-08,-8.1079625e-06
2022-09-09,
2022-09-10,
2022-09-11,1.7585446e-05
2022-09-12,1.0758217e-06
2022-09-13,
2022-09-14,2.0623973e-05
2022-09-15,1.4043375e-05
2022-09-16,
2022-09-17,1.3682097e-06
2022-09-18,-1.5327714e-06
2022-09-19,
2022-09-20,
2022-09-21,
2022-09-22,9.4030265e-06
2022-09-23,1.780497e-05
2022-09-24,1.1461735e-05
2022-09-25,1.890841e-05
2022-09-26,2.5362082e-05
2022-09-27,2.3824316e-05
2022-09-28,1.645713e-05
2022-09-29,-3.8325456e-06
2022-09-30,
2022-10-01,
2022-10-02,2.680322e-05
2022-10-03,
2022-10-04,
2022-10-05,
2022-10-06,
2022-10-07,1.5641928e-05
2022-10-08,
2022-10-09,1.667156e-06
2022-10-10,1.9559622e-05
2022-10-11,1.8183724e-05
2022-10-12,
2022-10-13,5.6429402e-05
2022-10-14,7.916066e-06
2022-10-15,
2022-10-16,
2022-10-17,
2022-10-18,
2022-10-19,
2022-10-20,
2022-10-21,
2022-10-22,3.1838463e-05
2022-10-23,
2022-10-24,2.3488547e-05
2022-10-25,
2022-10-26,
2022-10-27,
2022-10-28,2.6863285e-05
2022-10-29,
2022-10-30,4.0067163e-05
2022-10-31,1.9431394e-05
2022-11-01,
2022-11-02,1.0985626e-05
2022-11-03,
2022-11-04,
2022-11-05,
2022-11-06,
2022-11-07,
2022-11-08,
2022-11-09,
2022-11-10,
2022-11-11,
2022-11-12,
2022-11-13,
2022-11-14,
2022-11-15,
2022-11-16,
2022-11-17,
2022-11-18,
2022-11-19,
2022-11-20,
2022-11-21,
2022-11-22,
2022-11-23,
2022-11-24,
2022-11-25,
2022-11-26,
2022-11-27,
2022-11-28,
2022-11-29,
2022-11-30,1.75386e-05
2022-12-01,9.129677e-06
2022-12-02,
2022-12-03,
2022-12-04,
2022-12-05,
2022-12-06,
2022-12-07,
2022-12-09,1.1968415e-05
2022-12-10,2.2443197e-05
2022-12-11,9.348813e-06
2022-12-12,
2022-12-13,
2022-12-14,
2022-12-15,
2022-12-16,
2022-12-17,
2022-12-18,1.7530183e-05
2022-12-19,
2022-12-20,
2022-12-21,
2022-12-22,
2022-12-23,
2022-12-25,
2022-12-26,
2022-12-27,
2022-12-28,
2022-12-29,
2022-12-30,
2022-12-31,
2023-01-01,6.492396e-06
2023-01-02,
2023-01-03,
2023-01-04,4.1025596e-05
2023-01-05,2.76492e-05
2023-01-06,
2023-01-07,3.3588454e-05
2023-01-08,
2023-01-10,2.2835424e-05
2023-01-11,2.4798395e-05
2023-01-12,2.5766029e-05
2023-01-13,1.4951298e-05
2023-01-14,2.9403966e-05
2023-01-15,2.1176571e-05
2023-01-16,
2023-01-17,
2023-01-18,
2023-01-19,
2023-01-20,
2023-01-21,
2023-01-22,
2023-01-23,
2023-01-24,
2023-01-26,
2023-01-27,
2023-01-28,
2023-01-29,
2023-01-30,
2023-01-31,3.8600083e-05
2023-02-01,
2023-02-02,
2023-02-03,
2023-02-04,
2023-02-05,
2023-02-06,
2023-02-07,
2023-02-08,
2023-02-09,
2023-02-10,
2023-02-11,
2023-02-12,
2023-02-13,
2023-02-14,
2023-02-15,
2023-02-16,
2023-02-17,
2023-02-18,
2023-02-19,6.113318e-06
2023-02-20,7.2509547e-06
2023-02-21,
2023-02-22,
2023-02-23,
2023-02-24,
2023-02-25,
2023-02-26,
2023-02-27,
2023-02-28,
2023-03-01,
2023-03-02,
2023-03-03,1.077174e-05
2023-03-04,
2023-03-05,
2023-03-06,2.8285769e-05
2023-03-07,2.1151203e-05
2023-03-08,
2023-03-09,
2023-03-10,3.523153e-06
2023-03-11,3.3854456e-05
2023-03-12,3.2612057e-05
2023-03-13,
2023-03-14,
2023-03-15,
2023-03-16,
2023-03-17,1.8159068e-05
2023-03-18,
2023-03-19,2.2437898e-06
2023-03-20,
2023-03-21,2.0747793e-05
2023-03-22,4.360877e-06
2023-03-23,
2023-03-24,
2023-03-25,
2023-03-26,
2023-03-27,
2023-03-28,
2023-03-29,
2023-03-30,
2023-03-31,
2023-04-01,
2023-04-02,
2023-04-03,
2023-04-04,
2023-04-05,
2023-04-06,
2023-04-07,
2023-04-08,
2023-04-09,3.8843318e-05
2023-04-10,
2023-04-11,1.02532085e-05
2023-04-12,1.2888559e-05
2023-04-13,
2023-04-14,1.2616958e-05
2023-04-15,
2023-04-16,
2023-04-17,
2023-04-18,-4.3695345e-05
2023-04-19,1.4065609e-05
2023-04-21,
2023-04-22,3.261071e-06
2023-04-23,1.40400525e-05
2023-04-24,1.7209793e-05
2023-04-25,1.991141e-05
2023-04-26,
2023-04-27,
2023-04-28,
2023-04-29,
2023-04-30,1.5548108e-05
2023-05-01,
2023-05-02,
2023-05-03,
2023-05-04,2.0440682e-05
2023-05-05,1.1272806e-05
2023-05-06,
2023-05-07,1.947262e-05
2023-05-08,7.651793e-06
2023-05-09,
2023-05-10,
2023-05-11,
2023-05-12,2.1304433e-07
2023-05-13,1.6530788e-05
2023-05-14,1.46349785e-05
2023-05-15,2.272062e-05
2023-05-16,1.0751988e-05
2023-05-17,
2023-05-18,9.671361e-06
2023-05-19,
2023-05-20,1.2724173e-05
2023-05-21,2.9447805e-05
2023-05-22,1.1502237e-05
2023-05-23,3.1671192e-05
2023-05-24,1.2568462e-05
2023-05-25,3.6789257e-05
2023-05-26,1.6326238e-05
2023-05-27,2.4558809e-05
2023-05-28,1.0653658e-05
2023-05-29,1.31579145e-05
2023-05-30,2.4845338e-05
2023-05-31,1.4292553e-05
2023-06-01,1.1604197e-05
2023-06-02,
2023-06-03,2.614187e-05
2023-06-04,2.1000356e-05
2023-06-05,2.8688857e-05
2023-06-06,1.7313932e-05
2023-06-07,2.2887953e-05
2023-06-08,1.4120124e-05
2023-06-09,5.613118e-06
2023-06-10,5.5979704e-06
2023-06-11,
2023-06-12,
2023-06-13,8.869092e-06
2023-06-14,1.2139502e-06
2023-06-15,1.4370978e-05
2023-06-16,5.570951e-06
2023-06-17,1.5601008e-05
2023-06-18,
2023-06-19,1.7390765e-05
2023-06-20,8.973737e-06
2023-06-21,1.8050068e-05
2023-06-22,2.313329e-05
2023-06-23,2.6972592e-05
2023-06-24,1.7675446e-05
2023-06-25,1.3858023e-05
2023-06-26,2.949971e-05
2023-06-27,3.6326473e-05
2023-06-28,2.2240138e-05
2023-06-29,7.2143457e-06
2023-06-30,1.0817693e-05
2023-07-01,1.6780175e-05
2023-07-02,1.6684922e-05
2023-07-03,
2023-07-04,
2023-07-05,2.6610842e-05
2023-07-06,3.483469e-05
2023-07-07,2.3516326e-05
2023-07-08,3.101172e-06
2023-07-09,4.5442953e-06
2023-07-10,2.53496e-05
2023-07-11,2.8481865e-05
2023-07-12,2.5159501e-05
2023-07-13,3.1416355e-05
2023-07-14,
2023-07-15,9.4963725e-06
2023-07-16,1.5107016e-05
2023-07-17,1.8390054e-05
2023-07-18,9.832818e-07
2023-07-19,2.201576e-05
2023-07-21,1.9223777e-05
2023-07-22,5.5462388e-06
2023-07-23,7.4089185e-06
2023-07-24,6.2531094e-06
2023-07-25,1.5576145e-05
2023-07-26,1.8492294e-05
2023-07-27,1.5966662e-05
2023-07-28,2.7773807e-05
2023-07-29,2.2054894e-05
2023-07-30,5.6631384e-06
2023-07-31,-3.3817305e-06
2023-08-01,7.903873e-06
2023-08-02,1.6407945e-05
2023-08-03,1.2776436e-05
2023-08-04,3.2987466e-06
2023-08-06,1.2277851e-05
2023-08-07,2.5016147e-06
2023-08-08,1.4467459e-05
2023-08-09,9.991916e-07
2023-08-10,2.2990163e-05
2023-08-11,2.5039635e-05
2023-08-12,2.2990796e-05
2023-08-13,-6.4523783e-07
2023-08-14,1.33888425e-05
2023-08-15,1.8909155e-05
2023-08-16,9.522239e-06
2023-08-17,-1.2779843e-06
2023-08-18,1.5280779e-05
2023-08-19,2.0341087e-05
2023-08-20,2.2433502e-05
2023-08-21,
2023-08-22,2.3354629e-05
2023-08-23,6.7111428e-06
2023-08-24,2.6130823e-05
2023-08-25,5.96165e-06
2023-08-26,2.81772e-05
2023-08-27,1.989871e-05
2023-08-28,-9.783378e-07
2023-08-29,3.134353e-05
2023-08-30,1.382644e-05
2023-08-31,1.9290268e-05
2023-09-01,1.9417022e-05
2023-09-02,7.770543e-06
2023-09-03,1.4104369e-05
2023-09-04,7.2397147e-06
2023-09-05,1.9181866e-06
2023-09-06,
2023-09-07,2.1730242e-05
2023-09-08,1.2119194e-05
2023-09-09,2.2479744e-05
2023-09-10,2.6804237e-05
2023-09-11,1.22202e-05
2023-09-12,2.1072156e-05
2023-09-13,1.5467213e-05
2023-09-14,9.776798e-06
2023-09-15,1.541842e-05
2023-09-16,6.958366e-06
2023-09-17,3.0149204e-05
2023-09-18,1.9836138e-05
2023-09-19,2.3407409e-05
2023-09-20,2.5374999e-05
2023-09-21,1.25224815e-05
2023-09-23,7.915528e-06
2023-09-24,1.5494013e-05
2023-09-25,1.1638586e-05
2023-09-26,2.4143486e-05
2023-09-27,1.3211344e-05
2023-09-28,2.2878718e-05
2023-09-29,1.3430879e-05
2023-09-30,9.1017655e-06
2023-10-01,2.0028032e-05
2023-10-02,3.060551e-05
2023-10-03,2.3467252e-05
2023-10-04,1.0098278e-05
2023-10-05,8.589079e-06
2023-10-06,8.205022e-06
2023-10-07,4.8482793e-06
2023-10-08,
2023-10-09,6.713721e-06
2023-10-10,1.563736e-05
2023-10-11,3.4055876e-05
2023-10-12,2.2453532e-05
2023-10-13,7.792818e-06
2023-10-14,1.3226317e-05
2023-10-15,2.0096868e-05
2023-10-16,2.2204891e-05
2023-10-17,1.5673077e-05
2023-10-18,-6.3194266e-06
2023-10-19,1.3718237e-05
2023-10-20,1.0721242e-05
2023-10-21,2.0147036e-05
2023-10-22,3.2341228e-05
2023-10-23,1.1870276e-05
2023-10-25,2.269871e-05
2023-10-26,3.1287254e-05
2023-10-27,1.3851976e-05
2023-10-28,1.5504165e-05
2023-10-29,1.8126057e-05
2023-10-30,
2023-10-31,1.5027087e-05
2023-11-01,1.1039938e-05
2023-11-02,2.2313303e-05
2023-11-03,
2023-11-04,
2023-11-05,
2023-11-06,1.1503118e-05
2023-11-07,
2023-11-08,2.7794827e-05
2023-11-10,
2023-11-12,
2023-11-13,2.0880936e-05
2023-11-14,
2023-11-15,1.6414444e-05
2023-11-16,3.861192e-06
2023-11-17,
2023-11-18,2.4809211e-05
2023-11-19,1.38182995e-05
2023-11-20,1.5996298e-05
2023-11-21,-1.2885787e-06
2023-11-22,5.2923024e-06
2023-11-23,
2023-11-24,
2023-11-26,1.4955176e-05
2023-11-27,
2023-11-28,
2023-11-29,
2023-11-30,
2023-12-01,
2023-12-02,
2023-12-03,
2023-12-04,
2023-12-05,1.5175728e-05
2023-12-06,
2023-12-07,1.50833985e-05
2023-12-08,
2023-12-09,2.5790316e-05
2023-12-10,
2023-12-11,
2023-12-12,2.6937621e-05
2023-12-13,
2023-12-14,
2023-12-15,
2023-12-16,1.5945754e-05
2023-12-17,3.1226704e-05
2023-12-18,1.6770926e-05
2023-12-19,2.7857866e-05
2023-12-20,3.5373898e-05
2023-12-21,2.0925552e-05
2023-12-22,
2023-12-23,1.2123207e-05
2023-12-24,
2023-12-25,3.6503163e-05
2023-12-26,
2023-12-27,
2023-12-28,
2023-12-29,2.4676188e-05
2023-12-30,
2023-12-31,-1.173787e-06
2024-01-02,
2024-01-03,
2024-01-04,
2024-01-05,
2024-01-06,
2024-01-07,
2024-01-08,
2024-01-09,
2024-01-10,
2024-01-11,
2024-01-12,
2024-01-13,1.4418722e-05
2024-01-14,-3.9884635e-06
2024-01-15,
2024-01-16,
2024-01-17,
2024-01-18,
2024-01-19,
2024-01-20,
2024-01-21,
2024-01-22,2.6322987e-05
2024-01-23,
2024-01-24,
2024-01-25,
2024-01-26,
2024-01-27,
2024-01-28,
2024-01-29,
2024-01-30,
2024-01-31,
2024-02-01,3.602421e-05
2024-02-02,
2024-02-03,
2024-02-04,
2024-02-05,
2024-02-06,
2024-02-07,
2024-02-08,
2024-02-09,-9.190186e-06
2024-02-10,
2024-02-11,
2024-02-12,
2024-02-13,
2024-02-14,
2024-02-15,-8.0543405e-06
2024-02-16,3.537271e-05
2024-02-17,2.6677808e-05
2024-02-18,
2024-02-19,
2024-02-20,
2024-02-21,3.153845e-05
2024-02-22,
2024-02-23,
2024-02-24,
2024-02-25,
2024-02-26,1.8964512e-05
2024-02-27,
2024-02-28,
2024-02-29,
2024-03-01,
2024-03-02,
2024-03-03,3.2142834e-05
2024-03-04,
2024-03-05,
2024-03-06,
2024-03-07,
2024-03-08,
2024-03-09,
2024-03-10,
2024-03-12,
2024-03-13,
2024-03-14,
2024-03-15,
2024-03-16,
2024-03-17,
2024-03-18,
2024-03-19,1.1323394e-05
2024-03-20,
2024-03-21,
2024-03-22,
2024-03-24,
2024-03-25,
2024-03-26,4.0779933e-06
2024-03-27,2.6413793e-05
2024-03-28,
2024-03-29,1.6072725e-05
2024-03-30,1.9518786e-05
2024-03-31,
2024-04-02,
2024-04-03,9.651018e-06
2024-04-04,3.340349e-05
2024-04-05,
2024-04-06,
2024-04-07,
2024-04-08,1.340642e-05
2024-04-09,
2024-04-10,
2024-04-11,
2024-04-12,-4.788292e-06
2024-04-13,-5.7870366e-06
2024-04-14,1.2776781e-05
2024-04-15,
2024-04-16,2.718968e-05
2024-04-18,
2024-04-19,
2024-04-20,9.298548e-06
2024-04-21,
2024-04-22,
2024-04-23,
2024-04-24,
2024-04-25,
2024-04-26,7.9232195e-06
2024-04-27,5.7175525e-06
2024-04-28,1.8728286e-05
2024-04-29,
2024-04-30,1.8154791e-05
2024-05-01,2.4838491e-05
2024-05-02,1.8786093e-05
2024-05-04,1.5848675e-05
2024-05-05,2.0030715e-05
2024-05-06,1.409288e-05
2024-05-07,3.0093875e-05
2024-05-08,1.4107424e-06
2024-05-09,2.8466886e-06
2024-05-10,1.0497462e-05
2024-05-11,2.0616299e-05
2024-05-12,5.0618182e-06
2024-05-13,1.327408e-05
2024-05-14,2.5077057e-05
2024-05-15,-1.1668128e-06
2024-05-16,1.608918e-05
2024-05-17,6.4907404e-06
2024-05-18,4.7397543e-06
2024-05-19,
2024-05-20,1.1349144e-05
2024-05-21,2.4622825e-05
2024-05-22,1.3795586e-05
2024-05-23,2.4924484e-05
2024-05-24,2.0158292e-05
2024-05-25,1.3435206e-05
2024-05-26,2.9781952e-05
2024-05-27,1.2957941e-05
2024-05-28,
2024-05-29,7.92991e-06
2024-05-30,1.13000115e-05
2024-05-31,5.3045255e-06
2024-06-01,2.8963776e-05
2024-06-02,1.1759505e-05
2024-06-03,1.5294552e-05
2024-06-04,
2024-06-05,1.3453971e-05
2024-06-06,3.0454003e-06
2024-06-07,3.363509e-05
2024-06-08,1.831146e-05
2024-06-09,
2024-06-10,1.25854895e-05
2024-06-11,7.491765e-06
2024-06-12,
2024-06-13,
2024-06-14,
2024-06-15,
2024-06-16,1.605668e-05
2024-06-17,
2024-06-18,7.2375196e-06
2024-06-19,1.637081e-05
2024-06-20,
2024-06-21,1.7690934e-05
2024-06-22,1.1906672e-05
2024-06-23,
2024-06-24,
2024-06-25,2.7782406e-05
2024-06-26,9.309103e-06
2024-06-27,
2024-06-28,-1.0038391e-05
2024-06-29,2.1075142e-05
2024-06-30,7.88829e-05
2024-07-01,
2024-07-02,
2024-07-03,
2024-07-04,
2024-07-05,1.562614e-05
2024-07-07,5.601611e-06
2024-07-08,3.7152108e-06
2024-07-09,2.7171098e-05
2024-07-10,2.0409569e-05
2024-07-11,7.590139e-06
2024-07-12,1.0939149e-05
2024-07-13,2.0276928e-05
2024-07-14,2.7150309e-05
2024-07-15,2.4901594e-05
2024-07-16,2.254031e-05
2024-07-17,1.01475425e-05
2024-07-18,1.2753174e-05
2024-07-19,2.8454067e-05
2024-07-20,4.0235707e-05
2024-07-21,
2024-07-23,2.2824475e-05
2024-07-24,
2024-07-25,1.966049e-05
2024-07-26,3.231258e-05
2024-07-27,1.6561202e-05
2024-07-28,9.814493e-06
2024-07-29,2.0623793e-05
2024-07-30,3.176251e-05
2024-07-31,1.945603e-05
2024-08-01,1.08624745e-05
2024-08-02,2.9204666e-05
2024-08-03,1.175455e-05
2024-08-04,3.3578814e-05
2024-08-05,3.37662e-05
2024-08-06,2.126794e-05
2024-08-08,2.6531501e-05
2024-08-09,1.0211623e-05
2024-08-10,2.363531e-05
2024-08-11,2.376226e-05
2024-08-13,
2024-08-14,2.3749688e-05
2024-08-15,4.6552494e-05
2024-08-16,4.555538e-06
2024-08-17,3.4433185e-07
2024-08-18,5.5594755e-06
2024-08-19,2.3468585e-05
2024-08-20,1.4477505e-05
2024-08-21,2.6798767e-05
2024-08-22,
2024-08-24,1.6649616e-05
2024-08-25,1.4609934e-05
2024-08-26,2.1715354e-05
2024-08-27,2.7912156e-05
2024-08-28,
2024-08-29,2.405565e-05
2024-08-30,1.8183235e-05
2024-08-31,2.6512324e-05
2024-09-01,2.0112668e-05
2024-09-02,1.9453546e-05
2024-09-03,9.282435e-06
2024-09-04,4.378461e-07
2024-09-05,2.1124477e-05
2024-09-06,1.2618749e-05
2024-09-07,9.552701e-06
2024-09-08,
2024-09-09,1.0858387e-05
2024-09-10,
2024-09-11,2.3542625e-05
2024-09-12,2.3625844e-05
2024-09-13,1.2831239e-05
2024-09-14,1.7957485e-05
2024-09-15,1.8713503e-05
2024-09-16,1.7226965e-05
2024-09-17,2.2803912e-05
2024-09-18,1.686308e-05
2024-09-19,3.2963646e-05
2024-09-20,5.1152024e-06
2024-09-21,2.584034e-05
2024-09-22,1.46961775e-05
2024-09-23,
2024-09-25,
2024-09-26,
2024-09-27,-9.069632e-06
2024-09-28,1.0393156e-05
2024-09-29,2.267853e-05
2024-09-30,1.5998678e-05
2024-10-01,8.017017e-06
2024-10-02,2.4632369e-05
2024-10-03,
2024-10-04,2.4407935e-05
2024-10-05,2.3411916e-05
2024-10-06,3.6792248e-06
2024-10-07,1.22400525e-05
2024-10-08,1.1559464e-05
2024-10-09,1.514414e-05
2024-10-10,
2024-10-11,9.663205e-06
2024-10-12,1.0683896e-05
2024-10-13,3.7995625e-05
2024-10-14,3.2162705e-05
2024-10-15,
2024-10-16,2.0558744e-05
2024-10-17,1.7533457e-05
2024-10-18,3.540158e-05
2024-10-19,
2024-10-20,
2024-10-21,
2024-10-22,1.0271793e-05
2024-10-23,1.9100213e-05
2024-10-24,2.9858204e-05
2024-10-25,3.73305e-05
2024-10-27,1.9594174e-05
2024-10-28,3.3738106e-05
2024-10-29,2.454134e-05
2024-10-30,1.7947941e-05
2024-10-31,6.659911e-06
2024-11-01,
2024-11-02,8.15059e-06
2024-11-03,
2024-11-04,
2024-11-05,1.6503018e-05
2024-11-06,1.7395341e-05
2024-11-07,
2024-11-08,
2024-11-09,3.0411418e-05
2024-11-10,
2024-11-11,
2024-11-12,
2024-11-13,
2024-11-14,1.6547323e-05
2024-11-15,
2024-11-16,
2024-11-17,
2024-11-18,
2024-11-19,
2024-11-20,
2024-11-21,
2024-11-22,
2024-11-23,
2024-11-24,
2024-11-25,
2024-11-26,
2024-11-27,
2024-11-28,1.7003924e-05
2024-11-29,
2024-11-30,
2024-12-01,
2024-12-02,
2024-12-03,2.5988367e-05
2024-12-04,
2024-12-05,
2024-12-06,
2024-12-07,
2024-12-08,
2024-12-09,
2024-12-10,
2024-12-11,
2024-12-12,
2024-12-14,
2024-12-15,
2024-12-16,
2024-12-17,
2024-12-18,2.3832044e-05
2024-12-19,2.582232e-05
2024-12-20,
2024-12-21,
2024-12-22,
2024-12-23,
2024-12-24,
2024-12-25,
2024-12-26,3.515366e-05
2024-12-27,3.2255957e-05
2024-12-28,
2024-12-29,
2024-12-30,
2024-12-31,
2025-01-01,
2025-01-02,
2025-01-03,1.6960674e-05
2025-01-04,
2025-01-05,
2025-01-06,
2025-01-07,
2025-01-08,
2025-01-09,5.0180797e-06
2025-01-10,
2025-01-11,2.6336047e-05
2025-01-12,
2025-01-13,
2025-01-14,
2025-01-15,
2025-01-16,
2025-01-17,
2025-01-18,
2025-01-19,
2025-01-20,
2025-01-21,1.5967868e-05
2025-01-22,
2025-01-23,
2025-01-24,
2025-01-25,
2025-01-26,
2025-01-27,
2025-01-28,
2025-01-29,
2025-02-01,
2025-02-02,
2025-02-03,
2025-02-04,
2025-02-05,5.9267345e-06
2025-02-06,1.4425656e-05
2025-02-07,
2025-02-08,
2025-02-09,
2025-02-10,
2025-02-11,
2025-02-12,
2025-02-13,
2025-02-14,
2025-02-16,
2025-02-17,
2025-02-18,
2025-02-19,
2025-02-20,
2025-02-21,
2025-02-22,
2025-02-23,
2025-02-24,
2025-02-25,
2025-02-26,
2025-02-27,
2025-02-28,
2025-03-01,2.3852279e-05
2025-03-02,
2025-03-03,
2025-03-04,
2025-03-05,
2025-03-06,
2025-03-07,
2025-03-08,
2025-03-09,
2025-03-10,
2025-03-11,
2025-03-12,
2025-03-13,
2025-03-14,
2025-03-15,
2025-03-16,
2025-03-17,
2025-03-18,1.88272e-05
2025-03-19,
2025-03-20,2.5646616e-05
2025-03-21,8.696134e-06
2025-03-22,
2025-03-23,
2025-03-24,
2025-03-25,1.56827e-05
2025-03-26,1.7549664e-05
2025-03-27,
2025-03-28,
2025-03-29,
2025-03-30,
2025-03-31,1.828199e-05
2025-04-01,
2025-04-02,
2025-04-03,
2025-04-04,6.8206227e-06
2025-04-05,
2025-04-06,-7.6513595e-07
2025-04-07,2.5712689e-06
2025-04-08,-2.0717928e-06
2025-04-09,
2025-04-10,
2025-04-11,
2025-04-12,
2025-04-13,
2025-04-14,
2025-04-15,
2025-04-16,
2025-04-17,
2025-04-18,
2025-04-19,
2025-04-20,
2025-04-21,1.645307e-05
2025-04-22,2.578196e-05
2025-04-23,1.6465987e-05
2025-04-24,1.1964072e-05
2025-04-25,
2025-04-26,1.1903673e-05
2025-04-27,2.0769325e-05
2025-04-28,2.4733723e-05
2025-04-29,2.20393e-05
2025-04-30,1.6838354e-05
2025-05-01,1.1917408e-05
2025-05-02,1.765976e-05
2025-05-03,8.881291e-06
2025-05-04,3.3616052e-05
2025-05-05,-1.9939193e-06
2025-05-07,2.2078e-05
2025-05-08,
2025-05-09,
2025-05-10,9.916996e-06
2025-05-11,
2025-05-12,
2025-05-13,
2025-05-14,
2025-05-15,
2025-05-16,
2025-05-17,
2025-05-18,6.7519245e-06
2025-05-19,
2025-05-20,2.3611194e-05
2025-05-21,
2025-05-23,
2025-05-24,7.0778015e-06
2025-05-25,3.7085396e-05
2025-05-26,
2025-05-27,
2025-05-28,6.8557624e-06
2025-05-29,1.7023849e-05
2025-05-30,1.5974336e-05
2025-05-31,2.0723543e-05
2025-06-01,
2025-06-02,
2025-06-03,5.59813e-06
2025-06-04,2.281799e-05
2025-06-05,3.0905787e-05
2025-06-06,7.3369565e-06
2025-06-07,
2025-06-08,1.1733632e-05
2025-06-09,4.854849e-06
2025-06-10,-8.655206e-06
2025-06-11,2.3915634e-05
2025-06-12,5.5546384e-06
2025-06-13,
2025-06-14,
2025-06-15,1.437073e-06
2025-06-16,1.7891332e-05
2025-06-17,1.4429085e-05
2025-06-18,1.8880464e-05
2025-06-19,
2025-06-20,
2025-06-21,1.187791e-05
2025-06-22,
2025-06-23,
2025-06-24,2.0714568e-05
2025-06-25,
2025-06-26,
2025-06-27,1.140726e-05
2025-06-28,
2025-06-29,
2025-06-30,-1.3958905e-05
2025-07-01,2.904384e-05
2025-07-02,1.4425451e-05
2025-07-03,
2025-07-04,
2025-07-05,1.03154325e-05
2025-07-06,
2025-07-07,2.0359568e-05
2025-07-08,1.6873264e-05
2025-07-09,
2025-07-10,1.6847878e-05
2025-07-11,
2025-07-12,
2025-07-13,3.0403407e-06
2025-07-14,2.0503012e-05
2025-07-15,2.3426783e-05
2025-07-16,1.6325366e-05
2025-07-17,1.1369108e-05
2025-07-18,3.0192907e-05
2025-07-19,1.0011483e-05
2025-07-20,1.7157196e-05
2025-07-21,-9.535583e-07
2025-07-22,1.37907955e-05
2025-07-23,
2025-07-24,
2025-07-25,
2025-07-26,1.9152007e-05
2025-07-27,8.2288825e-06
2025-07-28,1.8703306e-05
2025-07-29,2.372061e-05
2025-07-30,-3.7055318e-06
2025-07-31,7.850428e-06
2025-08-01,2.4423853e-05
2025-08-02,1.048076e-05
2025-08-03,9.423659e-06
2025-08-04,1.5230909e-05
2025-08-05,3.653737e-05
2025-08-06,1.47219835e-05
2025-08-07,1.1190885e-05
2025-08-08,3.200379e-05
2025-08-09,1.8878267e-05
2025-08-10,
2025-08-11,2.315671e-05
2025-08-12,1.7468969e-05
2025-08-13,2.0354777e-05
2025-08-14,1.8783814e-05
2025-08-15,-6.5199e-06
2025-08-16,5.955309e-06
2025-08-17,1.6131517e-05
2025-08-18,-6.105994e-07
2025-08-19,
2025-08-20,2.7897535e-05
2025-08-21,1.983248e-05
2025-08-22,1.688936e-05
2025-08-23,2.5059674e-06
2025-08-24,2.8695296e-05
2025-08-25,2.1917946e-05
2025-08-26,
2025-08-27,2.6737276e-05
2025-08-28,1.1658377e-05
2025-08-29,1.8135848e-05
2025-08-30,8.796324e-06
2025-08-31,2.7393688e-05
2025-09-01,9.52266e-06
2025-09-02,6.415357e-06
2025-09-03,2.3990713e-05
2025-09-04,1.5607991e-05
2025-09-05,1.6353753e-05
2025-09-06,
2025-09-07,1.7341e-05
2025-09-08,
2025-09-09,
2025-09-10,7.679225e-06
2025-09-11,
2025-09-12,1.179382e-05
2025-09-13,1.3845967e-05
2025-09-14,7.682919e-06
2025-09-15,
2025-09-16,1.0987669e-05
2025-09-17,
2025-09-18,8.859601e-06
2025-09-19,4.3972736e-06
2025-09-20,3.880605e-06
2025-09-21,2.1990629e-05
2025-09-22,3.5007922e-06
2025-09-23,2.4613677e-05
2025-09-24,2.9962097e-05
2025-09-25,4.930163e-06
2025-09-26,7.4870964e-06
2025-09-28,6.2086374e-06
2025-09-29,1.5683163e-06
2025-09-30,
2025-10-01,
2025-10-02,7.547202e-06
2025-10-03,1.2941053e-05
2025-10-04,1.9191777e-05
2025-10-05,2.9712697e-05
2025-10-06,2.2880009e-05
2025-10-07,2.8737455e-05
2025-10-08,2.129758e-05
2025-10-09,5.6100153e-06
2025-10-10,1.0646965e-05
2025-10-11,
2025-10-12,1.3909834e-05
2025-10-13,
2025-10-14,2.0361596e-05
2025-10-15,
2025-10-16,4.767841e-05
2025-10-17,6.1305377e-06
2025-10-18,3.0892603e-05
